dimension,treatment_mean,control_mean,treatment_median,control_median,test,statistic,p_value,cohens_d,rank_biserial,ci_lower,ci_upper,bonferroni_sig,fdr_sig
Clarity,3.626666666666667,3.0,3.333333333333333,3.0,Mann-Whitney U,439.5,0.006342139605948038,0.7802912506437456,0.4064,0.0,1.3333333333333335,True,True
Relevance,4.04,3.213333333333333,4.0,3.0,Mann-Whitney U,496.5,0.0001348062571720364,1.122260030826996,0.5888,0.666666666666667,1.333333333333333,True,True
Persuasiveness,3.4666666666666663,2.306666666666666,3.333333333333333,2.333333333333333,Mann-Whitney U,514.5,3.8229837842436505e-05,1.3481352804400544,0.6464,0.33333333333333304,2.0,True,True
LongTerm,4.173333333333333,2.826666666666666,4.0,3.0,Mann-Whitney U,548.5,1.8231211846108028e-06,1.6310755647616422,0.7552,0.666666666666667,2.0,True,True
Usefulness,3.586666666666667,2.266666666666666,3.6666666666666665,2.0,Mann-Whitney U,531.5,8.968421929958972e-06,1.5182186111039488,0.7008,0.666666666666667,2.0,True,True
Context,4.026666666666667,2.6,4.0,2.6666666666666665,Mann-Whitney U,551.0,1.4280778976168195e-06,1.6845955367344856,0.7632,1.0,2.0,True,True
